id,network_id,degree,trial_maker_id,origin_id,participant_id,sung_pitch1,sung_pitch2,sung_pitch3,sung_pitch4,sung_pitch5,sung_note_durations,mode_peter,mode_daniel,estimated_key
17,17,0,imitation_chain,NA,NA,55.80546888,56.59062911,65.22516672,57.44803437,65.93763133,"1.19151905277051,0.444006341811009,1.10992998620993,0.443427495190456,0.637097850024534",Minor,minor,F
18,18,0,imitation_chain,NA,NA,53.29247349,54.09065156,56.21327318,63.85191845,63.34944172,"0.91571012471607,0.756434535100267,1.28879569301296,1.20762376406763,1.27220492141928",Minor,minor,F
19,19,0,imitation_chain,NA,NA,66.0563402,64.95874867,63.52430331,58.56635332,63.67253263,"1.28616339277563,0.915558558964039,1.006911760841,1.2816696415436,0.661476900080811",Major,major,E
20,20,0,imitation_chain,NA,NA,63.14393692,57.07708928,66.21387447,58.43478067,57.74789204,"0.451438687663279,0.329544711629428,0.775389472715238,0.406354074157237,0.85171224906603",Minor,minor,D#
21,21,0,imitation_chain,NA,NA,68.40087634,65.71966938,63.38462366,64.48635375,61.6786838,"0.476309497426352,0.472896873044501,0.854379288225949,0.917066043818527,0.622991049426163",Minor,minor,G#
22,22,0,imitation_chain,NA,NA,59.23275623,66.57690224,65.75718029,63.92024946,63.0995108,"0.333535188440052,1.16251917946732,1.11432569983017,0.77088981901921,0.944396307471956",Major,major,B
23,23,0,imitation_chain,NA,NA,58.68228181,60.91248219,65.34576825,53.16947779,61.44096184,"1.15802820262471,0.791006025659735,0.776767050066454,1.13975365538818,0.952162828729609",Minor,minor,F
24,24,0,imitation_chain,NA,NA,69.04970835,62.17978031,65.35461949,58.98189843,65.82418487,"0.539736565821026,1.02536506330458,0.588539095464957,0.755166082978438,0.972081057480182",Minor,minor,F#
25,25,0,imitation_chain,NA,NA,59.59438437,60.19075532,58.10937815,57.04395124,58.3407701,"1.18132621016026,0.573162371967681,0.384880921498551,0.885518622711648,0.977278342627977",Major,major,A#
26,26,0,imitation_chain,NA,NA,60.22894028,60.38508523,56.50126738,54.82236032,56.94011415,"1.17833269595454,0.749984810744055,0.342922522152071,1.22710025368155,0.592682276605523",Minor,minor,A
27,27,0,imitation_chain,NA,NA,61.68861897,63.44600717,53.93405641,56.35703928,56.86241722,"0.96820522800186,1.23164432773009,0.365506738542211,1.05909252754219,0.564568941816541",Major,major,D
28,28,0,imitation_chain,NA,NA,57.23356528,58.32196433,55.08828122,59.47246988,60.57675384,"0.772667618468906,0.660144160742876,0.761313783877494,0.306409168873784,1.29424329982669",Major,major,G
29,29,0,imitation_chain,NA,NA,55.96911965,65.49114325,60.57331121,65.97225921,57.00418144,"1.17037916305064,1.29501840239736,1.00500803748246,0.546509927099429,1.00748058663073",Major,major,C#
30,30,0,imitation_chain,NA,NA,59.57320009,59.61638383,63.67082454,64.80087775,54.51085486,"1.00202271683709,0.326478732750891,0.542358618214183,0.679325684071971,1.0513070035085",Major,major,C
31,31,0,imitation_chain,NA,NA,65.50143036,66.36928689,66.35288177,65.78956024,56.88180737,"1.11113583406961,1.02063982943925,0.324090551860336,1.08193291472609,0.717199761785875",Minor,minor,F#
32,32,0,imitation_chain,NA,NA,61.33134478,60.50684192,57.94014711,67.55595296,56.80150022,"0.823718772737839,1.18989016836406,0.563567914042514,0.802215823846288,0.759768030582691",Minor,minor,A#
33,33,0,imitation_chain,NA,NA,67.45557839,61.34558461,65.18995774,57.92487483,61.00282399,"0.399361877366455,0.307852512637173,0.452426073221593,0.667893150521007,0.651256091210232",Minor,minor,A#
34,34,0,imitation_chain,NA,NA,65.00654375,67.04723287,56.9449768,52.78180639,61.88183341,"0.722310567066802,0.345465778014858,0.58514045901966,0.956794005026262,0.675755707255451",Minor,minor,D
35,35,0,imitation_chain,NA,NA,66.82802322,61.85259226,66.35035499,53.4359707,61.46315484,"0.765946633497822,0.915952766462005,0.976609603847495,0.72904976203194,1.03631386903537",Minor,major,F#
36,36,0,imitation_chain,NA,NA,62.38733487,69.11122799,58.93644795,55.84251742,64.31389635,"1.28728458682242,0.643875916856752,1.05858660158466,0.501072507097525,0.767714788538384",Minor,minor,B
37,37,0,imitation_chain,NA,NA,53.51095493,65.44020791,62.53848989,65.55293066,64.2076548,"0.554067853560116,0.470048325868634,1.05887582378637,0.833116008721796,0.989644502414245",Minor,minor,D#
38,38,0,imitation_chain,NA,NA,65.67454789,57.67846416,57.82175409,57.08839867,56.33447578,"0.960723558900569,0.452822041045472,0.7167692191113,0.968590663981767,0.737559440189741",Major,major,F#
39,39,0,imitation_chain,NA,NA,64.75380148,60.8730726,52.93867375,59.23659376,58.35163438,"0.550151808398848,0.325297499516696,0.392018771767327,0.656355702324926,0.431957851528151",Major,major,F
40,40,0,imitation_chain,NA,NA,65.10290571,65.97574916,57.50745122,59.21802621,64.62597653,"0.437360945878462,0.660428894774015,0.683323467693198,0.908604488686574,0.926013462803832",Major,major,A#
41,41,0,imitation_chain,NA,NA,65.98288577,66.79952396,56.42452516,57.99610345,61.64363547,"0.538825871643104,0.409458047529253,1.27665928143093,0.395618931930851,0.834736647457456",Major,major,F#
42,42,0,imitation_chain,NA,NA,58.33891823,55.31091722,67.40309793,55.32371355,59.49713892,"0.682200142350179,1.23273876724096,1.2541872584235,0.362575424755568,1.28481433769533",Minor,minor,G
43,43,0,imitation_chain,NA,NA,66.18927327,70.33566073,68.45766218,68.19956853,65.607719,"0.85322521424134,0.604879936301405,0.611143139506878,1.2927821112096,1.23176337586368",Major,major,F#
44,44,0,imitation_chain,NA,NA,58.08200192,56.08025658,55.3182732,58.14395693,65.61374983,"1.05379280735692,1.08954992513468,0.317604304124848,0.511903436701448,0.557228907802168",Minor,minor,G
45,45,0,imitation_chain,NA,NA,69.39001691,57.33920135,64.73513796,57.87715141,58.00656418,"0.316741989842168,0.729266977966834,0.677462910985211,0.3460576776402,1.01338122735528",Major,major,F
46,46,0,imitation_chain,NA,NA,62.32298294,60.97598103,60.86579314,58.91231376,65.71699426,"0.43215497899066,0.499600961503931,1.17481772758302,0.450403942120548,0.442348075968856",Minor,minor,F#
47,47,0,imitation_chain,NA,NA,63.66448976,62.36471534,54.3794496,58.37490463,62.93916328,"0.962426853927244,0.820690764758582,1.03406705075871,0.528865418428624,1.11837946238973",Minor,minor,D#
48,48,0,imitation_chain,NA,NA,58.64114379,61.24455356,59.80619443,62.45636576,63.14820124,"0.40497055180057,0.306493395325663,0.722487937343354,0.888499597491506,0.615085719095936",Minor,minor,C
49,49,0,imitation_chain,NA,NA,56.36296167,63.76631663,67.73478797,60.14451216,62.72286386,"0.56408914690339,0.778598223030617,0.627730658250783,1.26433241163664,1.0807057313023",Major,major,G#
50,50,0,imitation_chain,NA,NA,66.88213376,61.83615665,53.56881025,59.49176648,62.35031439,"0.880885287220308,0.536410308257895,1.24551447498846,0.682312186558999,0.667941466371867",Major,major,G
51,51,0,imitation_chain,NA,NA,52.65832072,56.09429033,63.49344927,55.99937518,61.24042241,"0.441869622368326,0.679096501943766,1.23684312549463,0.382267347575532,0.908539677921447",Major,major,G#
52,52,0,imitation_chain,NA,NA,59.45610746,53.71613419,55.10919984,67.73253915,67.3379141,"0.565877670997676,1.19717493945339,0.960344662202224,0.515275512291647,0.948632980959834",Major,major,G
53,53,0,imitation_chain,NA,NA,58.07535529,65.73931938,63.5547762,64.35157174,61.33593633,"1.16256056911382,0.98157417162096,1.11845871678096,0.826389347172342,0.729419982743049",Major,major,E
54,54,0,imitation_chain,NA,NA,52.84348324,51.73443908,64.80970192,64.57778068,65.52846536,"0.884427063700444,0.947483470364555,1.19142140944021,0.95613193342391,0.807280863188135",Minor,minor,F
55,55,0,imitation_chain,NA,NA,60.34266705,59.06222999,53.36184863,59.62843928,55.93699597,"1.03170949917104,0.919682326454002,0.650516951161336,0.945782482336018,1.20871101003042",Minor,minor,F
56,56,0,imitation_chain,NA,NA,61.11501785,61.28875959,54.67311932,63.61546407,57.48279698,"1.19113714360262,1.12829081428344,0.91185795459275,1.22405690400009,0.669647362547119",Minor,minor,C#
57,57,0,imitation_chain,NA,NA,57.87945211,59.24536886,51.8627621,61.77180102,65.23011424,"1.15698096390322,0.377676509804679,0.719649024434778,0.837921130492649,0.999461759407268",Major,major,A#
58,58,0,imitation_chain,NA,NA,62.36416872,56.54514916,67.64938768,62.14983754,57.92297444,"0.493779329393418,0.702199853967848,0.483225999756723,1.0271794332534,0.971085796426604",Minor,minor,D
59,59,0,imitation_chain,NA,NA,62.61276279,56.75856931,58.43930908,55.00912618,56.85263279,"1.06811249841036,0.755461326805139,1.05391069075466,0.335248019066424,1.04233833075012",Major,major,D#
60,60,0,imitation_chain,NA,NA,60.42724938,55.62318393,64.75083867,55.88457051,57.63957394,"1.25160671112938,1.13946156735955,0.927081341975813,1.21150287673231,0.966609274874547",Minor,minor,F
61,61,0,imitation_chain,NA,NA,57.48414849,67.7280722,64.39525337,55.0290751,68.26592547,"1.18977989296626,0.382477611492001,1.0763818773051,0.564354263770755,0.771088713787524",Major,major,E
62,62,0,imitation_chain,NA,NA,55.91358006,56.21743578,58.39929296,54.64684672,59.47122702,"1.1022991760796,0.375565440022108,0.871561430333011,1.04171101195919,0.449662288567119",Minor,minor,G#
63,63,0,imitation_chain,NA,NA,55.59350619,59.7720852,57.28835006,63.64435494,58.46155125,"0.500216461511491,0.974964086195434,0.439971941324431,0.434368134401478,0.638581598706641",Minor,minor,A
64,64,0,imitation_chain,NA,NA,56.51856699,61.35341205,65.1324532,59.62358269,59.08568489,"0.466580175107871,0.930294156291412,0.559312274376673,0.4332909607961,0.865026110408814",Major,major,F
65,65,0,imitation_chain,NA,NA,63.45201825,64.49963896,65.73453421,62.00654744,61.34820879,"1.12851750643915,0.416227413563533,1.21171021275784,0.30576437815429,1.12627673768318",Minor,minor,D#
66,66,0,imitation_chain,NA,NA,56.68195423,54.76645751,67.07344034,64.78183939,58.9686047,"1.1604162036295,0.360635597021634,1.14151121516958,0.541665067044048,0.965421734410634",Major,major,G
67,67,0,imitation_chain,NA,NA,66.24920353,57.11609177,61.5607751,57.84718513,66.08519458,"0.463493959417768,1.01956791563532,0.520624903498403,0.442247747680025,0.955398660221897",Minor,minor,F#
68,68,0,imitation_chain,NA,NA,62.92859162,69.98322366,57.00045293,59.67239475,65.04747047,"0.336543015396461,1.04310407157556,1.01109916677711,0.818577410358646,0.340163209029619",Major,major,D#
69,69,0,imitation_chain,NA,NA,64.39863525,64.32475646,56.49907535,55.7510654,56.795737,"0.886654013652407,0.641549985659806,0.469214928698761,0.837916158312437,0.894100115232268",Major,major,E
70,70,0,imitation_chain,NA,NA,57.31184144,52.2922021,55.87777817,58.38047965,63.33463957,"0.34149460154377,1.1012752869727,0.705442865891404,0.334293703782002,0.36723989610257",Minor,minor,G#
71,71,0,imitation_chain,NA,NA,55.90968381,64.33905501,60.58182377,59.18055146,67.36728134,"1.05197215011815,0.780545398570941,0.643674968519346,0.935925336484313,1.139238061916",Minor,minor,C#
72,72,0,imitation_chain,NA,NA,63.61542886,56.50712294,64.55439843,60.36335773,66.39514033,"1.05567720483671,0.868646909739647,1.28948197027944,0.917433767046138,1.14757075478955",Minor,minor,A
73,73,0,imitation_chain,NA,NA,68.97753902,68.94664443,68.78875645,57.46463104,61.55707064,"1.11538333003498,0.848569646636842,0.722351198757208,0.550626869953434,0.701657390532277",Major,major,A
74,74,0,imitation_chain,NA,NA,58.78779829,64.27726221,57.14070264,56.79684541,67.66255828,"1.14933658746494,0.48958488942428,1.09709086369166,0.960628290324751,0.934113783575311",Major,major,A
75,75,0,imitation_chain,NA,NA,56.3559051,63.99763528,64.1287194,63.9290286,63.81189619,"0.794407668038072,1.05504148914446,0.96508773771493,0.914242603287055,1.03061310586842",Major,major,E
76,76,0,imitation_chain,NA,NA,63.1704566,66.89485483,63.95853841,58.45954708,66.08458768,"0.753591186653659,1.22226729528061,0.808794174423297,1.2714488123061,1.12500513553251",Minor,minor,D#
77,77,0,imitation_chain,NA,NA,68.95098954,59.97313506,63.942288,62.95050984,62.79393714,"1.21315485004552,0.792962840618032,1.29718800026005,1.13167535868656,0.347481811043051",Minor,minor,A
78,78,0,imitation_chain,NA,NA,61.60579807,57.34690574,59.62478622,65.98008538,64.34462836,"0.574935558362442,0.634858937257213,1.29671639691524,1.04137556588137,0.820609324794257",Major,major,C
79,79,0,imitation_chain,NA,NA,66.44108261,62.72362585,65.49964154,64.28650924,67.63346166,"0.502876533540795,0.803690656437775,0.56340812167082,0.687591992552508,0.310812159221185",Minor,minor,D#
80,80,0,imitation_chain,NA,NA,59.09025691,65.97366332,64.35269548,65.13381043,58.20101667,"1.02646295401299,0.740649239519964,1.09373510655569,0.469037052739898,0.479997153576196",Major,major,E
81,81,0,imitation_chain,NA,NA,60.89566429,61.34344999,62.08281748,64.63496319,57.86937963,"0.607996878934319,0.785979830963647,0.892320797694284,0.716681454447826,1.23124886097135",Minor,minor,A#
82,82,0,imitation_chain,NA,NA,60.93254382,66.85220422,69.30797203,69.4414761,61.16986044,"0.318055078306115,0.877518973733968,0.43569507536994,0.545574839812287,0.77119539847164",Major,major,A
83,83,0,imitation_chain,NA,NA,61.21125759,56.59184285,54.75227428,58.95456024,66.39257148,"0.574900128727368,0.702780305922484,0.645327712669255,1.26552862667685,1.19752109705917",Minor,minor,F#
84,84,0,imitation_chain,NA,NA,53.20760901,61.25836158,64.77018046,53.29214764,63.79817176,"0.33465894638844,0.334971217760517,0.993125953591228,1.29542717485118,1.25225292917226",Minor,minor,F
85,85,0,imitation_chain,NA,NA,65.89964924,54.17198592,60.25759918,66.42870693,59.78428262,"0.797651558684414,1.05978817991184,1.19964699309179,1.24065225871999,1.20623477871437",Major,major,F#
86,86,0,imitation_chain,NA,NA,66.73362564,57.45238351,54.32718208,64.44819596,57.48734146,"0.55478308451829,1.24438284103351,0.442055248045395,0.70062510159668,0.343646017199282",Minor,major,F#
87,87,0,imitation_chain,NA,NA,64.30765592,62.96716212,64.38669153,68.83784569,63.05186761,"1.02655390975603,1.13523987135419,0.750383188352056,0.409834592493238,0.907554808468451",Major,major,E
88,88,0,imitation_chain,NA,NA,63.40389341,68.01087271,64.26624354,56.28723919,57.80524375,"1.01039302870619,0.897626559463431,0.505552115091208,1.14668868686508,0.423428138265621",Minor,minor,G#
89,89,0,imitation_chain,NA,NA,63.7674302,56.37942642,54.28260649,61.66626184,65.93432245,"0.710620423514888,1.21798519461426,0.482694422726024,1.10942837827964,0.532219637277236",Minor,minor,F#
90,90,0,imitation_chain,NA,NA,62.43316559,63.42629548,54.90309914,61.16648961,61.45990762,"0.877862698058561,1.28962572648987,0.568279763230753,0.381636107452753,1.2103494280323",Major,major,G
91,91,0,imitation_chain,NA,NA,59.49761042,66.27100741,60.44946228,62.79822909,65.69337462,"0.764898848043352,1.12904000661403,0.813963028391161,1.14392458468646,1.14977213660223",Major,major,B
92,92,0,imitation_chain,NA,NA,56.92124179,68.08191205,58.19912711,61.28299116,66.65006292,"0.869378160748238,0.449975029338606,0.963766074027873,0.778794697082028,1.02103712093011",Minor,minor,G
93,93,0,imitation_chain,NA,NA,67.83343657,64.10834652,59.62145374,56.67745713,64.13494331,"1.24383133297414,0.910339269216184,0.524097101693367,1.27576199719001,1.00158131323539",Minor,minor,A
94,94,0,imitation_chain,NA,NA,62.79978728,53.35042205,63.34617992,58.26838556,62.20885078,"0.323497443887127,0.884071264650466,0.398893241302131,0.366618743445571,0.802969892376813",Major,major,D#
95,95,0,imitation_chain,NA,NA,56.15788285,65.91322708,59.43596469,60.71972393,61.26689416,"0.795503403605592,0.739625151456847,0.99547463725686,0.616363944219803,1.10876663069607",Minor,minor,G#
96,96,0,imitation_chain,NA,NA,59.36099993,57.34709793,54.58493568,67.96913443,54.1553413,"1.00469076065755,0.909603130565509,0.697853047717063,1.1069893215858,0.747385285960737",Minor,minor,B
97,97,0,imitation_chain,NA,NA,62.12882488,53.41363232,59.23339523,67.18417898,58.69496838,"1.29007986474496,1.24787167953674,0.897333427573326,0.86961569032034,0.554387639391156",Minor,minor,B
98,98,0,imitation_chain,NA,NA,58.24861118,61.52906012,65.35114511,63.10482755,55.6614555,"0.828630071862399,0.555829073394972,0.738113770176904,0.716296748446218,1.11734492209418",Major,major,A#
99,99,0,imitation_chain,NA,NA,60.73909054,51.7500219,53.48707241,61.67459087,62.0036096,"0.855802648543442,0.794570487889166,0.881809233154284,0.882592914391109,0.577263833453394",Minor,minor,D
100,100,0,imitation_chain,NA,NA,58.42999666,55.94612481,60.83440763,65.44027478,67.09957719,"1.0664553098655,0.307611119911815,1.10261633933316,0.694826030830201,0.581665417431039",Minor,minor,A#
101,101,0,imitation_chain,NA,NA,52.21332624,52.04763369,55.38178623,65.15770792,66.04357637,"1.0376267029503,1.16792103161784,0.65482959348663,1.25293223878684,0.689346322263747",Minor,minor,E
102,102,0,imitation_chain,NA,NA,68.47177326,63.77534656,61.19996406,54.62822316,59.3815214,"0.808495909270399,1.11912571596666,0.549501589451352,0.631080924696987,0.834500284876285",Minor,minor,C#
103,103,0,imitation_chain,NA,NA,61.88540278,52.52146303,56.27929225,64.15897809,59.07895365,"1.15674395482045,0.454485084517708,1.11728649250183,0.905722209395064,0.946517865667415",Minor,minor,G#
104,104,0,imitation_chain,NA,NA,59.40810757,54.42821201,68.41950377,61.10712253,55.86952932,"0.341337749605131,0.434425768575423,0.854532280638679,1.07892393101903,0.992454548882504",Minor,minor,G#
105,105,0,imitation_chain,NA,NA,64.81077861,64.48506173,65.85623158,55.76890865,57.89178989,"0.775863355643472,0.994125549099977,1.27041435363646,1.03900033832148,1.09236234027754",Minor,minor,A#
106,106,0,imitation_chain,NA,NA,68.65651665,55.4546853,64.18769509,60.27891149,58.49512839,"0.574818191944803,1.07525331782713,0.457676313180403,0.789543288056941,0.553172659130783",Minor,minor,A
107,107,0,imitation_chain,NA,NA,64.45244545,63.7743243,54.45797069,57.26652884,60.62855882,"0.456473193583489,0.79977988481333,0.36129433861631,0.840771670938452,0.399681784471646",Major,major,E
108,108,0,imitation_chain,NA,NA,56.88802856,60.22559163,54.74050815,65.60429371,60.97848854,"0.36973015546654,0.866754525255575,1.05051200337672,1.1829237451503,0.552065595959989",Major,minor,G
109,109,0,imitation_chain,NA,NA,54.7183824,60.93671207,65.68946265,55.6936326,55.59386643,"0.698706161279732,0.903281174212394,0.370965686184398,0.758291214582009,0.919372979419748",Major,major,C#
110,110,0,imitation_chain,NA,NA,58.04376169,65.80151373,64.49419767,60.51535676,63.70614521,"0.344174097469656,1.27321924721049,1.07060188691546,1.06910033603806,0.363750784605195",Major,major,E
111,111,0,imitation_chain,NA,NA,56.87300773,52.59518901,63.33898851,67.00368338,55.34377192,"0.543751823322357,0.414390783847794,0.515194667771245,0.858788563773941,1.22122696271565",Major,major,D#
112,112,0,imitation_chain,NA,NA,58.00446219,58.76530756,59.69657802,55.94679659,59.62800986,"0.794976295750837,1.03824966459726,0.704118796039057,1.28836671852629,0.683563813873201",Minor,minor,C
113,113,0,imitation_chain,NA,NA,69.01126661,69.54536575,69.29421168,65.25561537,63.66457736,"1.29443015997036,0.787757040227638,0.807921238532565,1.18597737086462,0.92414383922894",Minor,minor,A
114,114,0,imitation_chain,NA,NA,57.87116399,58.84654772,59.70980373,53.99972457,63.71767419,"0.713544100613954,0.934642336550244,0.980976199231473,0.458438891958027,0.419112884004834",Minor,minor,A#
115,115,0,imitation_chain,NA,NA,64.47901948,61.35489354,58.48963086,60.03852517,55.28602157,"1.00946334603899,0.937009737754996,1.20033187955997,0.384771914917127,0.856344787036665",Minor,minor,E
116,116,0,imitation_chain,NA,NA,63.34305691,63.35594842,63.10553092,64.00703813,62.43163827,"1.29939331005005,0.736855119605764,0.623140701332533,0.441131579327587,1.04175883208664",Minor,minor,D#
117,117,0,imitation_chain,NA,NA,58.84978684,63.54588273,61.08847836,55.19075887,52.43896996,"0.585887828551587,0.870332363050627,0.891867604252472,0.998003925185047,0.744119236560628",Major,major,E
118,118,0,imitation_chain,NA,NA,66.44026051,59.81376779,60.18946555,69.75395597,56.94977223,"0.651400228395242,0.45559864652446,0.365153720607903,1.20021021187545,0.991940933059",Major,major,C
119,119,0,imitation_chain,NA,NA,56.72571605,56.7596179,60.14004783,60.40738087,62.32042514,"0.808930376613947,1.13137095306787,1.06905368306598,1.24384433079735,1.26272767766216",Minor,minor,A
120,120,0,imitation_chain,NA,NA,57.73571042,59.20632205,67.93882841,56.67035519,56.19477708,"0.49755997256106,1.24336044932624,0.510145783967645,0.630922430673083,0.69280207228257",Minor,minor,G#
121,121,0,imitation_chain,NA,NA,56.64891388,55.79757099,57.40497254,66.79359955,55.16743987,"0.313387172521794,0.629118840622584,1.10122847561153,1.10502438271278,0.952531458523083",Minor,minor,A
122,122,0,imitation_chain,NA,NA,66.91090588,54.71159632,53.88650222,64.66041837,64.67583849,"0.715894141601263,1.00219521026435,1.16492916045355,1.15972944927472,1.11501631702735",Minor,minor,G
123,123,0,imitation_chain,NA,NA,58.3858779,55.23925254,55.20355517,59.18100134,59.11194174,"0.300960292469634,0.938872281828248,0.582608409407454,0.951264363759845,0.43263605957969",Minor,minor,G
124,124,0,imitation_chain,NA,NA,60.32948345,54.1168618,53.54899702,66.85184305,68.39130646,"0.547735950234517,1.21276998805317,1.13922207305324,0.776310246916958,0.326539565662202",Major,minor,F#
125,125,0,imitation_chain,NA,NA,59.34752267,52.43781664,58.26447452,61.64842578,64.8473507,"0.929424288335065,0.428298806059719,0.629771028272534,0.58032190987525,0.578963153941121",Major,major,A#
126,126,0,imitation_chain,NA,NA,56.60982282,55.76542391,61.27828067,64.49393,63.00714137,"1.06224842718953,1.05854796016922,1.06217840488659,0.511344042267172,0.670893082663645",Minor,minor,C#
127,127,0,imitation_chain,NA,NA,64.81363572,60.93482106,61.47342976,51.5516108,65.18817607,"0.766450857081442,0.549501924946777,0.461727407588568,0.444290959286594,0.347923802159134",Major,minor,C#
128,128,0,imitation_chain,NA,NA,55.56015111,58.83202823,63.86989564,62.53818152,55.43266676,"0.843026367436776,0.423388568850671,0.784831696042374,0.420772037565981,1.20898288402429",Minor,minor,G#
129,129,0,imitation_chain,NA,NA,66.25869779,60.26903905,53.85213316,56.77454515,62.57914345,"1.11401008068212,0.304836453637533,0.310922248999018,0.99738809047901,0.311467341813953",Minor,minor,F#
130,130,0,imitation_chain,NA,NA,62.27394122,60.18258904,61.87921482,60.31137627,61.92652838,"0.598226500517156,0.538566570098201,0.944392344435127,0.325552813302906,0.517730135140372",Minor,minor,D
131,131,0,imitation_chain,NA,NA,64.46242379,59.58772968,54.33260986,63.30401126,61.07874253,"1.14940145843855,1.17042245904182,1.03088250209291,0.935074186257692,1.04936073175969",Minor,minor,C#
132,132,0,imitation_chain,NA,NA,65.3108911,64.60971429,64.89204479,58.47868455,58.57620995,"0.729846191339321,1.06580013987516,0.888405805016121,0.811659660929656,0.319667058000784",Major,major,F
133,133,0,imitation_chain,NA,NA,64.93224312,62.38508733,65.13407611,56.20110503,62.1252649,"0.788858660407291,0.894577389003343,0.463063920237049,1.06812550884063,0.859296443986009",Minor,minor,D
134,134,0,imitation_chain,NA,NA,54.13206157,61.79956326,57.41487237,65.88357614,66.18596986,"0.994153163818937,0.434472521916343,1.0218583294495,0.587908352088473,0.812383234247216",Minor,minor,F#
135,135,0,imitation_chain,NA,NA,63.70395374,56.5168581,60.21664271,61.22474559,54.42109677,"1.28813061807353,0.967956208104247,0.601180912012552,0.5765560666955,1.28838456043255",Minor,minor,A
136,136,0,imitation_chain,NA,NA,61.71351916,54.08031804,60.74877424,67.06957354,54.332804,"1.09940397538239,0.950921866860192,0.555820164224377,0.839936823641043,0.628920531997733",Minor,major,F#
137,137,0,imitation_chain,NA,NA,67.1280981,56.37416137,59.31692154,61.27129718,60.93890741,"0.89851378871902,0.359744105789517,1.20696224804145,0.493354521736374,1.05151778642168",Major,major,G
138,138,0,imitation_chain,NA,NA,59.07415258,65.34896417,64.80869972,66.8218745,65.97779372,"1.21729976246386,0.830904513501881,0.373672136447033,1.06811926880312,0.634761906706643",Major,major,B
139,139,0,imitation_chain,NA,NA,64.07160296,69.64276827,64.23345248,61.65899654,57.18136011,"1.21277360498538,0.549650759742835,1.1326882489773,0.504154140802062,0.774752458853442",Major,major,E
140,140,0,imitation_chain,NA,NA,53.06274571,56.13715569,52.19606692,56.19660481,62.97331592,"1.19899290877014,0.462298315328038,0.800162621854674,0.955896917641889,0.306327954893995",Minor,minor,F
141,141,0,imitation_chain,NA,NA,62.61834006,58.83880893,57.43130298,59.25802857,62.80874464,"0.601999821428924,1.22894777327339,0.764450052360592,0.734542395561259,0.795613524591351",Minor,minor,D#
142,142,0,imitation_chain,NA,NA,58.73769098,58.23297643,63.02130087,53.45823612,60.54673438,"0.613320143716988,0.339240981377461,1.27337148889333,0.370057072394707,0.879823347043562",Major,minor,B
143,143,0,imitation_chain,NA,NA,66.51302827,61.21728977,69.52215776,62.4086705,65.14378441,"0.998313748476549,0.845710543773505,0.818987685857016,0.313813086654715,1.17196989277138",Minor,minor,G
144,144,0,imitation_chain,NA,NA,54.28775042,60.33060749,54.38442906,54.76680694,66.93309264,"0.481660357794832,1.07744772678731,1.28983533671753,0.655236502069938,0.898990145254276",Major,major,F#
145,145,0,imitation_chain,NA,NA,61.75387329,64.25501478,67.98567685,63.05146044,68.47289272,"0.978097569361613,1.03175852573663,1.18523874866124,0.4990607477259,0.612052126568597",Major,minor,G#
146,146,0,imitation_chain,NA,NA,64.53566554,59.47618456,58.15922865,63.31633105,62.15261657,"0.343111771266164,0.930000346946132,1.14854464871285,1.15494045466915,0.481763716492019",Major,major,A#
147,147,0,imitation_chain,NA,NA,66.54772209,60.47370641,63.71859579,63.01238057,59.85855346,"0.651310613372078,0.887478472212567,0.716663406617053,0.87145939098934,0.589724660528202",Major,major,C
148,148,0,imitation_chain,NA,NA,60.19699329,58.42532708,68.07694876,64.57506723,57.17016641,"0.391236219578348,1.21564642407794,1.28324827054933,1.2410575740888,1.25993758385754",Minor,minor,F
149,149,0,imitation_chain,NA,NA,61.18325482,62.49456645,54.79848779,67.20517961,62.99494551,"0.91282238586993,0.857112241209364,0.366639085054611,0.648048263185373,0.837081413574095",Minor,minor,G
150,150,0,imitation_chain,NA,NA,54.87793199,66.03367808,65.83596935,60.51908673,54.53877639,"0.487968079461737,0.519471129499099,1.06052961648634,0.641975542353198,0.328847006016485",Major,major,G
151,151,0,imitation_chain,NA,NA,68.40817368,61.9372283,55.80911658,56.34356954,55.30542253,"0.59794315132009,0.418168708790553,0.845363191150813,1.24553703596466,0.89813121471123",Major,major,G#
152,152,0,imitation_chain,NA,NA,55.2540198,64.1839428,55.67439366,63.96681975,67.56295526,"1.22131431611341,1.03117115707727,0.987075038482901,0.373381425339296,0.971979802058478",Minor,minor,G#
153,153,0,imitation_chain,NA,NA,57.53234208,64.53740333,57.85536695,64.42951763,60.31051909,"0.458397926428392,0.363779336426384,1.04760171701628,0.986724473503338,0.9495652673171",Major,major,A#
154,154,0,imitation_chain,NA,NA,57.66979978,57.65548392,51.73589761,52.91142903,52.15176669,"0.761273315122534,1.13857258516699,0.8826794251671,0.631283327358075,0.378239136756446",Major,major,A#
155,155,0,imitation_chain,NA,NA,61.19271185,61.68921029,64.41699419,61.47581115,58.0696039,"1.03384447891345,0.702944232799261,0.43105070975397,0.801152091127887,1.06419925561606",Minor,minor,C#
156,156,0,imitation_chain,NA,NA,61.86872097,65.78269943,55.71925561,58.48584958,66.8284163,"0.744803081451686,0.448572331561955,1.26893121220698,1.20019946084742,0.907155765599495",Major,major,D
157,157,0,imitation_chain,NA,NA,61.37986215,68.90239548,68.10126898,60.76176608,56.77441983,"0.809663223546033,0.312247927003985,0.334690715365356,0.842663630588422,0.397264843201022",Minor,minor,C#
158,158,0,imitation_chain,NA,NA,59.73887059,56.46187726,57.7931352,59.06972279,57.36736102,"0.740727664219988,1.17350603119984,0.73550606189236,0.320579220334357,0.506819174403576",Minor,minor,A
159,159,0,imitation_chain,NA,NA,68.54921304,57.51726409,67.51463903,68.11871267,63.26069901,"0.793692479341561,0.949687686177165,1.28272499736644,1.10451402271577,0.425339073970831",Major,major,G#
160,160,0,imitation_chain,NA,NA,67.08742168,55.10235348,60.11195273,60.46244292,53.15856355,"1.10154088657254,1.11991961160979,1.24262389747647,0.371975802238035,0.362052071973019",Major,major,C
161,161,0,imitation_chain,NA,NA,65.44147745,58.63912529,53.64110927,51.170426,53.13111078,"0.956545758442631,0.519579327837157,0.962405039343104,1.04689943087287,0.755443540486297",Minor,minor,F
162,162,0,imitation_chain,NA,NA,62.1006305,63.64711853,57.69271207,55.4162973,55.43033735,"0.565907401867489,0.463265288335541,0.797460366642964,1.25975348368598,0.767035389147855",Minor,minor,G
163,163,0,imitation_chain,NA,NA,56.48051427,54.77294111,64.00836124,59.34640028,62.14607527,"0.602570746419715,0.431494637562872,1.16460850032556,0.912377237720271,0.537545063419484",Major,major,E
164,164,0,imitation_chain,NA,NA,55.26887231,60.78037677,63.15650973,60.90528348,55.6704098,"0.633698172278279,1.01938643632963,0.439369324934321,0.759906628921406,0.800234319357478",Major,major,D#
165,165,0,imitation_chain,NA,NA,59.57340766,53.62330206,59.60510163,63.0705132,58.72132444,"0.734903232362643,0.763617973519065,0.949860305663378,0.560354823542289,0.389616858815458",Minor,minor,C
166,166,0,imitation_chain,NA,NA,60.3674553,54.66332952,64.861422,65.5396457,58.06725968,"1.2781800746926,0.414424262570637,0.73707740332218,0.704784828701588,0.574188819397684",Major,major,F
167,167,0,imitation_chain,NA,NA,64.50957358,55.97010484,57.49016363,59.14685434,68.96336064,"0.809678857948587,0.98024123363063,0.933395433175571,1.08689539962125,0.376646390510099",Minor,minor,A
168,168,0,imitation_chain,NA,NA,65.96008259,62.64535134,65.45907784,58.45357622,55.26356523,"0.868003783764992,0.604965986237595,0.640067712632823,0.965388918508925,1.17046165466661",Minor,minor,D#
169,169,0,imitation_chain,NA,NA,61.53500302,69.58412909,65.57126292,62.50932837,64.16792438,"0.991061908933854,0.619385362300452,0.838652071906719,0.426129151910283,1.09579070808042",Major,major,D
170,170,0,imitation_chain,NA,NA,54.95078193,62.84805351,66.51903919,63.22379858,66.05501704,"0.681499269832613,0.510186523072726,1.22043423938718,0.575010894284001,1.01361236109482",Minor,minor,G
171,171,0,imitation_chain,NA,NA,55.2960718,62.8092823,61.04539917,67.86694898,59.96323647,"0.429540036341174,0.732491776482617,1.26545964470399,0.663105132057374,1.24761280842364",Minor,major,C
172,172,0,imitation_chain,NA,NA,56.35649853,64.33226315,60.86461589,59.19217268,63.98660325,"0.729157135652274,0.795389654142385,1.11541610220579,0.505791850149821,0.690301040326357",Minor,minor,C#
173,173,0,imitation_chain,NA,NA,65.46645723,63.29453636,63.04335834,58.17931243,53.99922301,"0.444664790935214,0.727656242650275,0.519724859551345,0.920019579154853,0.891973112034445",Minor,minor,D#
174,174,0,imitation_chain,NA,NA,65.53832447,59.06975262,55.12794321,61.07787457,63.05945095,"0.396205453005078,0.628304445551482,1.26467428201402,0.388903013173872,0.405497589751071",Major,major,F#
175,175,0,imitation_chain,NA,NA,65.87989023,57.26942367,64.78331376,68.32796825,70.216827,"1.15952142738387,0.668987204244128,0.968843574946779,0.85582175596481,0.649748643698628",Minor,minor,A#
176,176,0,imitation_chain,NA,NA,66.58532889,68.97132127,66.98472122,67.4016819,55.5830937,"0.35130991659222,0.883003368330942,0.342793235058357,1.17479937305095,1.06615672037183",Major,major,G
177,177,0,imitation_chain,NA,NA,59.73539347,60.00915024,54.91729485,66.85677834,63.36381324,"0.933353587345977,1.08943905935575,1.25500988938901,0.804387020179629,0.52445722664767",Minor,minor,C
178,178,0,imitation_chain,NA,NA,60.92372117,58.37868543,66.92446589,68.12130334,64.90934793,"1.06423095772117,0.559406864344171,0.800254789647725,0.302711308240881,1.20210967645193",Major,major,C#
179,179,0,imitation_chain,NA,NA,60.25284839,54.58379071,58.50182267,57.45331188,59.86306288,"0.581493242317492,0.791578202188901,1.00376308693436,1.1325381003875,0.38321503309569",Major,major,C
180,180,0,imitation_chain,NA,NA,60.64491255,57.26732923,60.07750343,52.88159154,54.76622206,"1.01052233473013,1.27103810796095,0.894216409937759,0.618194807876586,1.09278790064553",Major,major,C
181,181,0,imitation_chain,NA,NA,67.11338633,64.1125937,63.61000391,53.23396884,65.83529094,"0.992258262888777,0.780277059981621,0.688588429885771,0.552104914559256,0.743809383915509",Minor,minor,E
182,182,0,imitation_chain,NA,NA,66.3507115,63.39194691,65.32758996,60.43524863,57.95565005,"0.420821628023124,1.18253937358537,0.322252883567672,0.416372889625218,0.708033963039711",Minor,minor,D#
183,183,0,imitation_chain,NA,NA,62.22721214,56.86818632,62.24485481,60.46657205,58.1354867,"0.434281599219483,1.2205575108864,1.15258491639703,0.903880680125157,0.333558648103594",Minor,minor,D
184,184,0,imitation_chain,NA,NA,59.69484145,61.91441621,68.09877256,62.17151791,56.34359505,"0.969170985413399,0.877048626413816,0.563751361961187,0.81732342747559,0.796682506986071",Major,major,G#
185,185,0,imitation_chain,NA,NA,58.19747458,63.82107879,58.412053,65.20534438,57.1580091,"0.348926418256842,1.15581421874716,0.429551323931328,0.93148542510836,1.21487426472912",Major,major,A#
186,186,0,imitation_chain,NA,NA,61.74493076,67.00935203,62.68726955,55.80172028,60.79242782,"1.08287715477082,0.571053128735199,0.695906544311901,0.88778368137203,1.09494893476211",Major,major,D#
187,187,0,imitation_chain,NA,NA,59.87527842,56.17648355,57.25355096,59.86722344,62.61016186,"0.705863298808654,0.709169593523274,1.02066812470977,1.2973196659507,0.866395899298052",Minor,minor,A
188,188,0,imitation_chain,NA,NA,64.68272339,53.56614875,58.35047101,52.7987443,61.1713854,"0.745966114169349,0.564726335869444,0.600555409473327,0.963097651587338,1.16139703442503",Minor,minor,A#
189,189,0,imitation_chain,NA,NA,55.99656406,61.32719127,52.05138351,66.34701241,65.25565726,"1.28132149125574,1.2214902600915,1.11404335265508,0.65871343712782,0.513282676063675",Minor,minor,C#
190,190,0,imitation_chain,NA,NA,59.56474541,54.97493067,60.82906729,52.83609739,58.55972736,"0.922024077711597,0.929879829102769,1.22721276720681,0.414574996424657,0.967159352583819",Major,major,C
191,191,0,imitation_chain,NA,NA,65.97411741,61.20623565,55.63917658,58.24112258,66.3490684,"0.882613050347059,1.1876079870381,0.631579241951163,1.24486124331659,0.897004461420871",Major,major,F#
192,192,0,imitation_chain,NA,NA,67.69383976,67.719722,67.24086338,60.21554816,60.72480511,"0.894042293158919,0.755035158499906,0.806761876800842,0.599660619592018,1.0734259234034",Major,major,G#
193,193,0,imitation_chain,NA,NA,64.99417102,60.36479948,59.8310696,62.75158814,63.17693877,"0.889465726403683,1.21635097876575,0.303562283858891,0.921939565880812,0.46335604932395",Minor,minor,C
194,194,0,imitation_chain,NA,NA,68.12905487,56.12189412,70.02629933,58.03957891,66.16761574,"1.21497055530858,1.16889761451686,1.08060487088699,1.15979252253516,1.06666015140817",Minor,minor,G#
195,195,0,imitation_chain,NA,NA,56.36456922,58.15849171,56.17828074,58.11641245,60.41044471,"0.589638658363644,0.360223522215465,0.920997259286147,0.474640613741937,0.839740556129907",Major,major,G#
196,196,0,imitation_chain,NA,NA,61.5910613,67.0764699,53.85213411,55.94495642,67.02529456,"0.778415311370707,1.12672135473565,0.598778854578714,1.28465056624732,0.93007299417495",Major,major,D
197,197,0,imitation_chain,NA,NA,60.29026274,58.08495348,56.20942003,65.99613704,58.663135,"1.22414779723248,0.527805614750062,1.26014706592005,0.735845472834993,1.14526225888302",Major,major,G#
198,198,0,imitation_chain,NA,NA,55.61260375,58.32939614,64.15549915,65.34185687,65.45942904,"0.400241123173117,0.363955840561807,1.00459824393614,1.08780295800691,0.965180607929315",Minor,minor,F
199,199,0,imitation_chain,NA,NA,54.78282474,53.5767625,53.73889597,59.0792014,64.01008073,"1.20429558027426,0.547507375527889,1.01338125541787,0.817430948261598,0.424487664516637",Minor,minor,E
200,200,0,imitation_chain,NA,NA,59.03493429,62.30372846,54.19262072,54.51941176,57.62209425,"0.333548183663003,0.432834317844578,1.03351106336632,0.889629824102365,0.801934472830158",Minor,minor,B
201,201,0,imitation_chain,NA,NA,68.77547662,61.92099709,67.10115547,54.34069908,65.06775483,"0.518304380998649,0.483699244906846,0.63878662979187,0.482109508905213,0.419412194347199",Major,major,D
202,202,0,imitation_chain,NA,NA,59.11126557,66.77461079,58.09844492,66.62806421,62.75653227,"1.24019158352739,0.482994019847164,0.931319386667993,0.955527003001243,0.776063676364266",Minor,minor,G
203,203,0,imitation_chain,NA,NA,68.51073828,69.49895264,55.5222148,68.30976016,57.35413101,"0.555770301513229,1.13317793179526,1.10477212405667,0.924096931909855,0.748201252159103",Minor,minor,A
204,204,0,imitation_chain,NA,NA,52.18220542,55.7929641,56.9716274,64.67542271,65.83420631,"1.20011137935616,0.84367798347641,0.565442984414842,0.735225106977334,0.680872935582361",Major,major,A
205,205,0,imitation_chain,NA,NA,63.90108455,64.19389516,56.91748965,61.6170175,62.25840593,"0.929626359060374,0.461253342628312,1.14396946410631,1.00372940140022,0.878909905979453",Major,major,A
206,206,0,imitation_chain,NA,NA,60.26910549,60.84718144,68.80082669,61.79671435,60.75391631,"0.738535343126323,0.875177251816935,1.23395924354202,1.16788950877968,0.377600517944923",Minor,minor,A
207,207,0,imitation_chain,NA,NA,57.31465581,65.90740561,54.58802371,59.31323727,59.25869498,"0.611100395840502,0.566509516296005,0.792106277738361,1.26695795628385,0.865010426822862",Major,major,G
208,208,0,imitation_chain,NA,NA,58.08435175,68.81499096,65.17264367,65.62374025,56.54423739,"0.644321800942001,0.978596200882008,1.18435059307397,0.618920008375171,0.489546974426011",Major,major,F
209,209,0,imitation_chain,NA,NA,59.37981757,66.62831229,58.38623691,57.91352673,67.2621052,"0.709164549503433,1.08548780933526,1.28130819723205,1.27103349758319,0.980161652051391",Minor,minor,G
210,210,0,imitation_chain,NA,NA,55.2268338,64.66040855,57.28417278,53.80761276,62.57598525,"0.838467134793393,0.837003287955837,0.92654757688206,0.716304314368382,0.775870497154829",Minor,minor,G
211,211,0,imitation_chain,NA,NA,53.69058108,63.93127544,64.27277523,57.83952265,54.0446015,"0.372172136359521,0.785476230428704,0.994622941809037,0.718520749587771,1.13427581007232",Minor,major,F#
212,212,0,imitation_chain,NA,NA,55.02600199,63.40461338,64.62113464,53.95740517,57.22477894,"1.08087225026565,0.3235733593779,0.86176581220566,0.938331234748068,0.41990688534417",Minor,major,G
213,213,0,imitation_chain,NA,NA,61.2153839,56.82144847,61.81798766,54.38306824,66.90736523,"1.27613644902963,0.30585018787138,0.849811908048285,0.815977990876742,0.522436056567092",Major,major,D
214,214,0,imitation_chain,NA,NA,64.25408072,65.15828698,63.87159925,63.16767092,56.82232003,"1.20443944232474,1.07239654788755,0.870455343901953,1.27985767230233,0.384719151166956",Major,major,E
215,215,0,imitation_chain,NA,NA,54.28798215,67.41449663,59.66443987,56.73539977,65.05059356,"1.05517458390937,0.622132076835139,0.53321891366754,0.901167594548782,0.777482038643815",Major,major,C
216,216,0,imitation_chain,NA,NA,65.97086311,66.83477632,64.50475418,59.0670212,52.58586599,"0.637026205171836,1.04679247057824,0.541400940233655,0.550773324062161,0.807727184350471",Major,major,F